ProductName,Quantity,Validity,Price
100% Pure Whey Refil 900g Probiotica,1,2026-10-06,139.9
100% Whey 1.8kg Age,3,2026-11-30,156.0
100% Whey 900g Dark Lab,8,2026-08-31,156.0
100% Whey 900g Max Titanium,4,2026-04-28,156.0
100% Whey 900g Refil Ftw,0,-,159.9
100% Whey 907g Age,3,2025-10-31,169.9
100% Whey Concentrate 900g Leader,3,2026-03-13,179.9
100% Whey Protein Saches Shark,0,-,219.9
100% Whey Reefil 907g Synthe Size,0,-,189.9
100% Whey Dr Peanut 900g Max Titanium,2,2026-03-11,189.0
4 Pump Saches Dose Unica,0,-,229.9
Agua 1.5l Lindoia,16,-,69.9
Agua 500ml Cristal,0,-,79.9
Agua De Coco 200Ml Ducoco,7,2025-08-11,8.0
Albumina 420g Naturovos,11,2025-12-31,39.9
Albumina 500g Proteina Pura,5,2025-09-27,59.0
Amendo Power 1Kg Pasta de Amendoin,5,2025-08-04,27.9
Amendo Power 500g Pasta de Amendoin,9,2025-06-30,17.9
Animal Pak Saches Dose Unica,0,-,89.9
Animal Pro Pump 600g Universal,0,-,239.9
Bcaa 12.1.1 220g Steel Nutrition,0,-,59.9
Bcaa 2400 100 Tabletes BlackSkull,2,2026-08-31,76.0
Bcaa 3.1.1 60 Caps Dark Lab,0,-,69.9
Bcaa Power 300g Leader,3,2024-11-30,79.9
Bcaa Science 500 200 Tabletes Performace,4,2026-06-30,89.9
Best Vegan 500g Atlhetica,2,2026-05-27,179.9
Best Whey 900g Atlhetica,3,2025-10-16,226.0
Best Whey Bar 49g Atlhetica,7,2025-07-27,12.0
Best Whey Bar 62g Atlhetica,5,2025-08-18,15.0
Best Whey Sache 40g Atlhetica,0,-,239.9
Beta Alanina 150g Dark Lab,0,-,219.9
Beta Hd 240g Atlhetica,0,2024-09-07,229.9
Bio Casein 900g Performance,2,2025-04-30,239.9
Biotina Dose Unica 30 Caps Katigua,3,2025-08-31,29.0
Bold Barra De Proteina,0,-,129.9
Black Dragon 90 Caps Demon Lab,5,2026-07-10,149.9
Black Maca 150G Inkaqhatu,1,2026-07-31,76.9
C4 150g Cellucor,1,2025-06-30,118.9
C4 Pump 225g New Millen,28,2025-11-09,99.0
Cafeina 90 Caps Dux Nutrition,0,-,69.9
Caramelo Rock 100g,2,2025-07-17,27.0
Carnibol 900g Integralmedica,1,2026-03-31,199.0
Chef Whey 907g ChefWhey,3,2026-07-31,229.0
Chef Whey Bar ChefWhey,124,2025-06-30,10.0
CleanPro Whey Refil 900g Nutrify,2,2025-10-31,329.9
Coenzima Q10 + Omega 3 30 Caps Katigua,4,2025-09-30,89.9
Coenzima Q10 60 Caps Katigua,0,-,159.9
Colagen 300g Vitafor,3,2025-10-31,139.0
Collagen 330g Dux Nutrition,3,2025-11-30,129.9
Collagen Advanced 540g Dux Nutrition,4,2025-08-31,239.0
Collagen Renew 300g Nutrify,1,2025-10-31,119.9
Crack 300g Demons Lab,0,-,79.9
Crack Sache Dose Única Demon Labs,31,2026-08-31,10.0
Cracker Monster Rock,6,2025-06-18,12.9
Crea Mass 3kg Integralmedica,4,2026-01-31,146.0
Crea Pepto 150g Performace,1,2025-12-31,119.9
Crea Pepto 300g Performace,7,2025-12-31,139.9
Cream Coffee 300g Nanogen,1,2026-09-10,69.9
Creatina 120g Synthe Size,6,2025-05-31,69.0
Creatina 150g 3vs,8,2025-02-28,79.0
Creatina 150g Black Skull,15,2025-07-31,79.0
Creatina 150g Dark Lab,3,2025-08-31,66.9
Creatina 150g Integralmedica,0,-,109.9
Creatina 150g Max Titanium,7,2026-01-30,59.0
Creatina 150g New Millen,0,-,119.9
Creatina 150g Steel,8,2025-04-10,69.9
Creatina 200g Universal,4,2025-09-30,156.0
Creatina 300g Dark Lab,1,2026-08-31,99.0
Creatina 300g Dux Nutrition,19,2025-01-31,139.0
Creatina 300g Integralmedica,15,2025-09-30,136.0
Creatina 300g Max Titanium,11,-,139.0
Creatina 300g New Millen,5,2025-10-24,136.9
Creatina 300g Pride,1,-,79.0
Creatina 300g Probiotica,6,2025-09-12,99.0
Creatina 300g Sport Nutrition,10,-,79.0
Creatina 300g Steel,80,2026-06-30,69.9
Creatina Combo 400g Universal,1,2025-09-30,199.9
Creatina Creapure 300g Dux,4,2026-07-31,249.9
Creatina Creapure 300g Nutrify,4,2025-08-31,269.0
Creatina Creapure 300g Vitafor,2,2026-09-30,249.9
Creatina Monohidratada 300g Nutrify,0,-,239.9
Creatine 300g Darkness Integralmedica,1,2025-10-31,139.0
Creatine Protein Bar Dark Labs,323,2025-05-31,10.0
Creature 300g Demons Labs,2,2026-04-18,149.0
Crisp Bar Integralmedica,122,2025-07-31,9.0
Curcuma Dose Maxima 30 Caps Katigua,2,2025-08-31,49.9
Dark Bar Integralmedica,0,-,149.9
Dark Mamba 60 Caps Dark Lab,6,2026-02-28,79.9
Dark Mass 3kg Dark Lab,5,2026-04-30,99.0
Daily Sport 60 Tabs One Supplement,1,2025-09-30,79.0
Dila Pump 150g Adaptogen,3,2025-03-31,89.9
Dilatex 150 Caps Power Supplementos,2,2025-07-31,89.0
Ectoplasma 400g Demon labs,1,2026-08-31,179.0
Evora 269ml Integralmedica,0,-,109.9
Evora 150g Integralmedica,1,2025-11-30,89.0
Evora 300g Integralmedica,5,2025-04-30,139.9
Fat Burner 60 Caps Black Skull,7,2025-06-30,99.9
Fish Oil 120 Caps Dux Nutrition,1,2026-06-30,129.0
Femini Whey 900g Max Titanium,0,-,229.9
Flexx Tasty 900g Under Labz,0,-,239.9
For Impluse 150g Fisionutri,1,2025-10-23,56.0
Fresh Whey 900g Dux Nutrition,5,2026-04-30,279.0
Gatorade 500ml,4,2025-04-11,9.0
Glucosamina Condroitina 90 Caps Katigua,1,2025-04-30,76.0
Glutamina 200g Steel,1,2025-06-14,56.0
Glutamina 300g Adaptogen,0,-,99.9
Glutamina 300g Integralmedica,2,2026-10-31,92.0
Glutamina 300g Steel,0,-,109.9
H2o 500ml,0,-,89.9
Hi Whey 900g Refil Leader,0,-,249.9
Hidraton 35g Bodyaction,0,-,59.9
Horus 150g Max Titanium,0,-,139.9
Horus 300g Max Titanium,0,-,149.9
Insane Clown 350g Demons Lab,5,2026-05-31,152.0
Insane Original 400g Demon Lab,3,2026-09-30,179.0
Insane Original Saches Dose Única Demon Lab,57,2026-09-30,10.0
Iron Man Energy Gel New Millen,123,2026-08-28,5.0
Iso Tripe 900g Integralmedica,3,2025-11-30,249.0
Iso Whey Zero 900g Dark Lab,1,2026-01-18,59.9
Isohydro Whey 900g Under Labz,0,-,69.9
Isolate 841g Cellucor,1,2025-09-30,226.0
Isolate Mass 3kg Fisionutri,4,2025-03-13,99.0
Kimera 60 Caps Irudium,0,-,129.9
L Arginina 60 Caps Fisionutri,0,-,89.9
L Carnegy 474Ml Performace,3,2026-02-28,99.0
L Carnitina 1400 480ml Athletica,1,2026-05-28,66.9
L Carnitina Plus 450ml Adaptogem,3,2025-03-26,99.0
L Glutamina 150g Fisionutri,1,2025-02-27,56.0
Laranja Moro 60 Caps Katigua,2,2025-10-31,49.9
Lg Glutamina 300g Max Titanium,4,2026-04-30,119.9
Mag 3 90 Caps Dux,4,2026-09-30,99.9
Magic Saches Adaptogen,0,-,99.9
Magnesio Plus 90 Caps Vitafor,2,2026-11-30,109.9
Magnesio Tripla Fonte 60 Caps Katigua,2,2026-05-31,56.0
Maltodextrina 1kg Dark Lab,1,2025-09-30,34.9
Mass Effect 3kg Steel,2,2026-09-30,126.0
Masstodon 3kg Black Skull,3,2025-09-30,119.0
Melatonina 30ml Demon Lab,2,2026-06-30,46.0
Might Mass 3kg Performance,1,2025-02-28,99.0
Monster Energy 473ml,25,2025-12-06,12.0
Monsterone 3kg Integralmedica,0,-,159.9
Multivitaminico 90 Caps Dux,5,2025-07-31,219.9
Multivite 60 Caps Demon Lab,8,2026-09-30,79.0
Nano Fire 60 Caps Nanogen,1,2026-08-31,49.0
Nano Therm 60 Caps Nanogen,1,2026-08-31,49.0
Natura Whey 250ml Verde Campo,0,-,10.0
Nitro Power Gel Saches New Millen,20,2025-10-11,7.0
Nuclear Rusch 100g Bodyaction,11,2025-05-31,79.9
Nuclear Rusch Saches Bodyaction,67,2024-11-30,79.9
Nuclear Rush Gel Bodyaction,0,-,79.9
Oleo De Chia 60 Caps Katigua,3,2025-08-31,49.9
Oleo De Coco 60 Caps Katigua,3,2025-06-30,46.9
Omega 3 60 Caps Nanogen,1,2026-09-30,56.0
Omega 3 60 Caps New Millen,3,2026-05-03,116.9
Omega For Plus 60 Caps Vitafor,1,2026-05-31,249.9
Ovo Whey Bar Black Skull,2,2025-03-30,109.9
Panic 150g Adaptogen,0,-,179.9
Panic 450g Adaptogen,0,-,189.9
Pasta De Amendoim 1kg Power One,17,2025-08-06,29.0
Pasta De Amendoim 280g Vita Power,0,-,199.9
Pasta De Amendoim 650g Dr Peanut,23,2025-02-28,69.9
Polivitaminico 60 Caps Nanogen,1,2026-09-30,56.0
Power Ade 500ml,0,-,129.9
Power Protein Bar 41g Max Titanium,0,-,189.9
Power Whey 15g 250ml 3 Coracoes,0,-,179.9
Predator 300g Leader Nutrition,0,-,199.9
Protein Complex 1.8kg New Millen,0,-,89.9
Proto Bar Nutrata,0,-,199.9
Psicho Killer 294g Demon Lab,1,-,149.0
Psichotic Demon Black 300g Demons Lab,2,2026-07-31,159.0
Psichotic Demon Black 400g Demons Lab,0,-,209.9
Psychotic Dragon 500g Demon Lab,2,2026-08-07,199.0
Psycofuse 120g Under Labz,0,-,219.9
Purissimo Whey 100% 900g Steel,1,2026-07-31,216.0
Pure Whey 900g Performace,5,2026-07-31,189.9
Pure Whey Refil 1.8Kg Performace ,2,2026-12-31,369.9
Pure Whey 2w 900g Puretech,0,-,99.9
Rampage 300g Under Labz,4,2025-01-31,79.9
Reanimator 300g Demons Labs,3,2025-06-15,159.0
Sekka Abdomen 30 Tabs Red,3,2025-02-10,29.9
Sekka Abdonem Night Red Series,21,2025-03-07,46.9
Sineflex 150 Caps Power Supplements,3,2025-06-30,89.9
Sineflex Hardcore 120 Caps Power Supplements,4,2025-11-30,99.9
Sinister Mass 3kg Integralmedica,0,-,179.9
Super Coffe 220g Smart Energy,2,2026-02-07,129.0
T Sek 120g Power Supplements,2,2025-06-30,89.9
Tasty Isso 900g Adaptogen,1,2026-07-31,239.9
Tasty Whey 900g Adaptogen,5,2025-07-31,199.0
Tasty Whey Saches Adaptogen,71,2026-11-30,12.0
Testo Monster 90 Caps,0,-,99.9
Testodrol 60 Caps Dark Lab,4,2025-08-31,69.9
Testodrol 60 Caps Profit,1,2026-03-14,89.9
Therma Burn 60 Caps Dark Lab,13,2026-08-31,69.9
Therma Pro Hardcore 60 Caps Integralmedica,0,-,29.9
Thermo Abdomen 60 Caps Bodyaction,1,2025-12-31,69.9
Thermo Abdomen Black 60 Tabs Bodyaction,1,2025-06-30,76.0
Thermo Fuel 60 Caps Black Skull,4,2025-11-30,39.9
Tnt 500ml Sports Drinks,9,2024-10-14,139.9
Tnt Energy Drink 473ml,0,-,149.9
Top Whey 1.8kg Max Titanium,2,2025-09-09,316.9
Top Whey 900g Max Titanium ,3,2026-06-04,219.9
Tonica 1l Antarctica,2,2024-08-22,169.9
Trio Protein 40g Global,782,2024-12-27,179.9
Trimagnesio 180g New Millen,2,2026-08-19,106.9
Veinox 120 Caps Power Supplements,0,-,239.9
Veinz 250g Dragon Pharma,2,2026-01-31,219.9
Venom 275g Dragon Pharma,5,2026-01-18,219.9
Venom 300g Dark Lab,15,2025-10-31,119.0
Vibe Energetico 473ml,2,2025-08-07,10.0
Viper Black 200g Dragon Pharma,5,2026-01-25,219.9
VitaDaily 90 Caps Adaptogen,3,2026-03-27,89.9
Vitamina E 60 Caps Katigua,2,2025-06-30,69.9
Waxy Maize 800g Age,4,2026-05-31,39.9
Whey 100 Refil 900g New Millen,2,2025-04-04,149.0
Whey 100% Hd 900g Pote Black Skull,0,-,129.9
Whey 100% Pote 900g New Millen,1,2025-08-17,156.9
Whey 100% Refil 900g Integralmedica,0,-,149.9
Whey 100% Refil 900g Steel,0,-,159.9
Whey 100% Refil 907g Evorox,8,2025-07-31,89.9
Whey 100% Storm 1.8kg Steel,9,2025-08-11,209.9
Whey 100% Storm 900g Steel,6,2026-12-31,116.9
Whey Bar Probiotica,0,-,159.9
Whey Crisp Bar New Millen,62,2025-03-06,10.0
Whey Gods Refil 900g Carnibal,6,2026-10-31,139.9
Whey Fort 900g Vitafor,0,-,59.9
Whey Gold 5lbs Optimum Nutrition,0,-,179.9
Whey Gold 900g Optimum,2,2026-04-03,319.0
Whey Protein Concentrado 900g Dux,12,2025-07-31,199.0
Whey Protein Concetrado 1.8kg Dux,0,-,209.9
Whey Protein Isolado 1800g Dux Nutrition,1,2025-02-28,569.0
Whey Protein Isolado 900g Dux Nutrition,5,2025-11-30,229.9
Whey Test Boost 900g Bio Sport,0,-,239.9
Whey Shake 250ml Dux Nutrition,24,2025-07-05,10.0
X7 300g Atlhetica,0,-,79.9
Yopro 15g 250ml,0,-,99.9
Yopro 15g Barras De Proteinas,0,-,209.9
