ProductName;Quantity;Validity;Price
100% Whey Refil 900g Max Titanium ;2;2026-03-17;146.0
Whey Protein Concetrado 1.8kg Dux;0;-;209.9
Crea Pepto 150g Performace;11;2025-12-31;119.9
Creatina 300g Max Titanium;11;2026-12-12;139.0
Creatine 300g Nutrilatina;16;2026-12-31;99.0
Crack 300g Demons Lab;12;2026-10-31;149.9
Diabo Verde 300g FTW;6;2025-06-30;136.9
Diabolik 60 Caps Demon Labs;8;2026-11-30;129.0
Demon Dry 60 Caps Demon Labs;5;2025-09-28;99.9
Diet Shake 420g Nutrilatina;8;2025-09-30;49.9
Perform Simply Whey 900g Performace;8;2026-11-30;149.9
Iso Whey 900g Nutrilatina;3;2026-07-03;229.0
Whey Bits Unidade Nutrilatina;24;2025-12-14;10.0
